Transistor , gm [mA/V] , ro [kOhm]
M1 , 0.38175 , 515
M2 , 0.38175 , 515
M3 , 0.624 , 514
