,Calculated Lambda,Model-Specified Lambda,Percentage Error
NMOS,0.0051209300,0.0050000000,2.4186002719\%
PMOS,0.0105371990,0.0100000000,5.3719898064\%
